{
  "posts": [
    {
      "id": 1,
      "title": "json-server",
      "category": "typicode"
    },
    {
      "id": 2,
      "title": "json-server",
      "category": "typicode"
    },
    {
      "id": 3,
      "title": "json-server",
      "category": "typicode"
    },
    {
      "id": 4,
      "title": "json-server",
      "category": "typicode"
    },
    {
      "id": 5,
      "title": "json-server",
      "category": "typicode"
    },
    {
      "id": 6,
      "title": "json-server",
      "category": "typicode"
    },
    {
      "id": 7,
      "title": "json-server",
      "category": "typicode"
    },
    {
      "id": 8,
      "title": "json-server",
      "category": "typicode"
    },
    {
      "id": 9,
      "title": "json-server",
      "category": "typicode"
    },
    {
      "id": 10,
      "title": "json-server",
      "category": "typicode"
    }
  ]
}