{
  "posts": [
    {
      "id": 1,
      "image": "../assets/image/bike.jpg",
      "title": "YAMAHA R15",
      "price": "50000",
      "category": "BIKE>>Yamaha"

    },
    {
      "id": 2,
      "image": "../assets/image/car.jpg",
      "title": "HONDA CITY",
      "price": "500000",
      "category": "CAR>>honda"
    },
    {
      "id": 3,
      "image": "../assets/image/phone.jpg",
      "title": "IPHONE 5",
      "price": "20000",
      "category": "MOBILE>>apple"
    },
    {
      "id": 4,
      "image": "../assets/image/bike.jpg",
      "title": "YAMAHA R15",
      "price": "50000",
      "category": "BIKE>>Yamaha"

    },
    {
      "id": 5,
      "image": "../assets/image/car.jpg",
      "title": "HONDA CITY",
      "price": "500000",
      "category": "CAR>>honda"
    },
    {
      "id": 6,
      "image": "../assets/image/phone.jpg",
      "title": "IPHONE 5",
      "price": "20000",
      "category": "MOBILE>>apple"
    }
  ],
  "page":[
    {
      "id": 1,
      "image": "../assets/image/bike.jpg",
      "title": "YAMAHA R15",
      "price": "50000",
      "category": "BIKE>>Yamaha"

    }
  ]
}